1. the,le
2. of,de
4. and,et
6. in,dans
7. for,pour
8. is,8. est
9. the,9. le
10. that,10.
11. on,11.
12. said,12. dit
13. with,13. avec
14. be,14.
15. was,15. était
16. by,16.
17. as,17.
18. are,18. sont
19. at,19.
20. from,20. de
21. it,21.
22. has,22. a
23. an,23. an
24. have,24.
25. will,25. Will
26. or,26. ou
27. its,27.
28. he,28.
29. not,29. pas
30. were,30. étaient
31. which,31. qui
32. this,32. Ceci
33. but,33. Mais
34. can,34. peut
35. more,35. Plus
36. his,36.
37. been,37.
38. would,38.
39. about,39.
40. their,40. Leur
41. also,41. Aussi
42. they,42. Ils
43. million,43. millions
44. had,44.
45. than,45.
46. up,46.
47. who,47. Qui
48. In,48.
49. one,49. un
50. you,50. Vous
51. new,51. Nouveau
52. A,52. A
53. I,53. I
54. other,54. Autre
55. year,55.
56. all,56. Tous
57. two,57. Deux
58. S,58. S
59. But,59. Mais
60. It,60.
61. company,61. Société
62. into,62.
63. U,63. u
64. Mr.,64. M.
65. system,65. Système
66. some,66. Certains
67. when,67. Quand
68. out,68.
69. last,69. Dernière
70. only,70. seulement
71. after,71. après
72. first,72. d'abord
73. time,73. Temps
74. says,74. dit
75. He,75. il
76. years,76. ans
77. market,77. Marché
78. no,78. Non
79. over,79.
80. we,80. nous
81. could,81. pourrait
82. if,82. si
83. people,83. Les gens
84. percent,84. pour cent
85. such,85. tel
86. This,86. Ceci
87. most,87. la plupart
88. use,88. Utiliser
89. because,89. Parce que
90. any,90. Tout
91. data,91. Données
92. there,92.
93. them,93.
94. government,94. gouvernement
95. may,95. mai
96. software,96. Logiciel
97. so,97.
98. New,98. Nouveau
99. now,99. maintenant
100. many,100. beaucoup
101. used,101. Utilisé
102. program,102. Programme
103. systems,103. Systèmes
104. three,104. Trois
105. do,105. faire
106. Inc,106. Inc
107. between,107. entre
108. billion,108. milliards
109. what,109. quoi
110. through,110.
111. per,111. par
112. make,112. faire
113. before,113. avant
114. should,114. devrait
115. these,115. ces
116. down,116. Down
117. under,117.
118. made,118. Fabriqué
119. Corp,119. Corp
120. companies,120. Compagnies
121. much,121. Beaucoup
122. work,122. travail
123. users,123. utilisateurs
124. officials,124.
125. like,125. comme
126. business,126. Business
127. support,127. Support
128. just,128. Juste
129. each,129. chacun
130. those,130. ceux
131. her,131. elle
132. well,132. bien
133. since,133. Depuis
134. she,134. Elle
135. information,135. Informations
136. both,136. les deux
137. being,137. Être
138. your,138. Votre
139. products,139. Produits
140. president,140. Président
141. share,141. Partager
142. sales,142. ventes
143. where,143. où
144. say,144. Dites
145. get,145.
146. network,146. Réseau
147. against,147. contre
148. We,148. Nous
149. while,149.
150. even,150.
151. If,151. Si
152. week,152. semaine
153. price,153. Prix
154. group,154. groupe
155. way,155. Voie
156. during,156. pendant
157. state,157. État
158. still,158.
159. same,159.
160. then,160. alors
161. number,161. Numéro
162. For,162.
163. They,163.
164. our,164. Notre
165. very,165. très
166. shares,166. actions
167. next,167. Suivant
168. including,168. y compris
169. computer,169. Computer
170. set,170. Ensemble
171. applications,171. Applications
172. off,172.
173. available,173. Disponible
174. York,174. York
175. how,175. Comment
176. prices,176. Prix
177. take,177. Prendre
178. him,178. Lui
179. American,179. Américain
180. using,180. Utilisation
181. must,181. MUST
182. part,182.
183. back,183. retour
184. expected,184. attendu
185. good,185. bon
186. stock,186. Stock
187. And,187. et
188. high,188. High
189. another,189. un autre
190. several,190. Plusieurs
191. months,191. mois
192. end,192. fin
193. report,193. Rapport
194. IBM,194. IBM
195. product,195. Produit
196. industry,196. Industrie
197. don't,197.
198. own,198.
199. four,199. Quatre
200. major,200. Major
201. need,201. Besoin
202. power,202. Power
203. management,203. Gestion
204. control,204. Contrôle
205. did,205. fait
206. less,206. Moins
207. rate,207. Tarif
208. file,208. Fichier
209. called,209. appelé
210. United,210. United
211. As,211. comme
212. Soviet,212. Soviétique
213. There,213.
214. second,214. deuxième
215. without,215. sans
216. want,216. Je veux
217. day,217. Jour
218. found,218. trouvé
219. month,219. mois
220. reported,220. signalé
221. see,221. Voir
222. development,222. Développement
223. help,223. Aide
224. cent,224. cent
225. public,225. public
226. today,226. Aujourd'hui
227. Co,227. CO
228. money,228. Argent
229. case,229. cas
230. interest,230. Intérêt
231. programs,231. Programmes
232. PC,232. PC
233. trading,233. trading
234. based,234.
235. five,235. cinq
236. cost,236. Coût
237. days,237. jours
238. large,238. Grand
239. problems,239. Problèmes
240. too,240. aussi
241. service,241. Service
242. line,242.
243. user,243. utilisateur
244. federal,244. fédéral
245. few,245. peu
246. At,246.
247. include,247. Inclure
248. told,248. Dit
249. does,249. fait
250. going,250. Aller
251. plan,251. Plan
252. C,252. C
253. technology,253. Technologie
254. increase,254. Augmentation
255. until,255. jusqu'à
256. performance,256. Performance
257. go,257. Allez
258. provide,258. Fournir
259. might,259. pourrait
260. results,260. Résultats
261. offer,261. Offre
262. least,262. le moins
263. run,263. Courir
264. small,264. petit
265. it's,265. C'est
266. operating,266. opération
267. current,267. Current
268. Windows,268. Windows
269. Bush,269. Bush
270. National,270. National
271. police,271. Police
272. different,272. différent
273. quarter,273. Quartier
274. my,274. Mon
275. memory,275. Mémoire
276. according,276. Selon
277. plans,277. Plans
278. long,278. Long
279. ago,279.
280. around,280. Autour
281. version,281. Version
282. disk,282. disque
283. rose,283. Rose
284. Friday,284. Vendredi
285. early,285. tôt
286. problem,286. Problème
287. think,287. Pensez
288. President,288. Président
289. process,289. Processus
290. One,290. Un
291. services,291. Services
292. costs,292. Coûts
293. oil,293. huile
294. home,294. Accueil
295. area,295. zone
296. higher,296.
297. Mr,297. M.
298. former,298.
299. Monday,299. lundi
300. however,300. Cependant
301. among,301. parmi
302. spokesman,302. porte-parole
303. board,303. Board
304. already,304. déjà
305. earlier,305. Plus tôt
306. announced,306. annoncé
307. standard,307. Standard
308. issue,308. Problème
309. rates,309. tarifs
310. Tuesday,310. Mardi
311. application,311. Application
312. within,312.
313. little,313. peu
314. economic,314. économique
315. When,315. Quand
316. members,316. membres
317. office,317. Bureau
318. files,318. Fichiers
319. recent,319.
320. States,320. États
321. later,321. Plus tard
322. Wednesday,322. Mercredi
323. better,323. Mieux
324. West,324. Ouest
325. past,325. passé
326. On,326. sur
327. show,327. Show
328. come,328. Venez
329. chief,329. chef
330. whether,330.
331. That,331. que
332. pay,332. Payer
333. change,333. Changer
334. know,334. Connaître
335. unit,335. unité
336. six,336. six
337. put,337.
338. agreement,338. Accord
339. cents,339. cents
340. Some,340. Certains
341. example,341. Exemple
342. Department,342. Département
343. Thursday,343. Jeudi
344. Pounds,344. livres
345. hard,345. dur
346. added,346. Ajouté
347. House,347. Maison
348. local,348. local
349. company's,349. d'entreprise
350. law,350. Loi
351. world,351. Monde
352. right,352. à droite
353. production,353. Production
354. You,354. Vous
355. value,355. Valeur
356. order,356. Commande
357. trade,357. Commerce
358. financial,358. Financière
359. possible,359. possible
360. far,360. loin
361. access,361. Accès
362. design,362. Concevoir
363. point,363. point
364. However,364. Cependant
365. political,365. politique
366. become,366. devenir
367. features,367. Caractéristiques
368. fell,368. est tombé
369. late,369. tard
370. It's,370. C'est
371. news,371. News
372. San,372. San
373. important,373. IMPORTANT
374. Systems,374. Systèmes
375. move,375. Déplacer
376. director,376. Directeur
377. military,377. militaire
378. total,378. Total
379. court,379. Court
380. here,380. Ici
381. foreign,381. étranger
382. began,382. a commencé
383. Washington,383. Washington
384. N,384. n
385. operations,385. Opérations
386. future,386. Future
387. best,387. Meilleur
388. average,388. Moyenne
389. growth,389. Croissance
390. tax,390. Taxe
391. lower,391. inférieur
392. meeting,392. Réunion
393. left,393. Gauche
394. drive,394. Drive
395. issues,395. Problèmes
396. give,396. Donner
397. us,397. États-Unis
398. country,398. Pays
399. official,399. officiel
400. big,400.
401. held,401. tenu
402. executive,402. exécutif
403. level,403. Niveau
404. general,404. Général
405. investment,405. Investissement
406. John,406. John
407. An,407. an
408. came,408. est venu
409. didn't,409. n'a pas
410. chairman,410. Président
411. US,411. États-Unis
412. find,412. Trouver
413. me,413. Moi
414. close,414. Fermer
415. June,415. juin
416. range,416. Range
417. given,417. donné
418. interface,418. Interface
419. These,419. ces
420. Bank,420. Banque
421. buy,421. Acheter
422. To,422.
423. Japanese,423. Japonais
424. real,424. réel
425. took,425. pris
426. place,426. Place
427. bank,427. Banque
428. making,428. Faire
429. includes,429. Comprend
430. result,430. Résultat
431. firm,431. Entreprise
432. With,432. avec
433. database,433. Base de données
434. model,434. modèle
435. reports,435. Rapports
436. half,436. moitié
437. every,437. Chaque
438. points,438. Points
439. March,439. mars
440. never,440. Jamais
441. enough,441. Assez
442. provides,442. Fournit
443. yesterday,443. Hier
444. times,444. fois
445. addition,445. Ajout
446. No,446. Non
447. life,447. La vie
448. common,448. Common
449. changes,449. Modifications
450. DOS,450. DOS
451. doesn't,451.
452. further,452.
453. top,453. Top
454. decision,454. Décision
455. compared,455. Comparé
456. likely,456. Probablement
457. due,457. Due
458. period,458. Période
459. open,459. Ouvert
460. markets,460. Marchés
461. call,461. Appel
462. capital,462. Capital
463. name,463. Nom
464. national,464. National
465. closed,465. fermé
466. recently,466. Récemment
467. proposed,467. proposé
468. single,468. Single
469. able,469. Capable
470. lot,470. Lot
471. sold,471. Vendu
472. South,472. Sud
473. package,473. Package
474. test,474. Test
475. customers,475. Clients
476. British,476. Britannique
477. cut,477. Couper
478. sell,478. Vendre
479. International,479. International
480. full,480. plein
481. running,481. Courir
482. equipment,482. Équipement
483. computers,483. Ordinateurs
484. index,484. Index
485. working,485. Travailler
486. Congress,486. Congrès
487. contract,487. Contrat
488. paper,488. Papier
489. workers,489. travailleurs
490. vice,490. Vice
491. study,491. Étude
492. others,492. Autres
493. System,493. Système
494. research,494. Recherche
495. low,495. Bas
496. makes,496. fait
497. Federal,497. Federal
498. city,498. Ville
499. May,499. mai
500. got,500. Got
501. family,501. Famille
502. policy,502. Politique
503. investors,503. Investisseurs
504. record,504. enregistrer
505. loss,505. Perte
506. received,506. reçu
507. April,507. avril
508. Exchange,508. Échange
509. code,509. code
510. graphics,510. Graphiques
511. agency,511. Agence
512. increased,512.
513. manager,513. Gestionnaire
514. keep,514. Gardez
515. look,515. Regardez
516. often,516. Souvent
517. designed,517. Conçu
518. European,518. Européen
519. earnings,519. Géré
520. environment,520. Environnement
521. July,521. juillet
522. job,522. Job
523. third,523. Troisième
524. water,524. Eau
525. net,525. net
526. banks,526. Banques
527. analysts,527. Analystes
528. strong,528.
529. party,529. Party
530. economy,530. Économie
531. away,531. Loin
532. dollar,532. Dollar
533. taken,533. pris
534. developed,534. développé
535. continue,535. Continuez
536. allow,536. Autoriser
537. Microsoft,537. Microsoft
538. key,538. Clé
539. either,539. soit
540. security,540. Sécurité
541. project,541. Projet
542. agreed,542. Convenu
543. though,543. Mais
544. Japan,544. Japon
545. rather,545.
546. countries,546. Pays
547. plant,547. Plante
548. along,548.
549. Apple,549. Apple
550. action,550. Action
551. After,551. après
552. screen,552. Écran
553. war,553. Guerre
554. processing,554. Traitement
555. employees,555. Employés
556. included,556. inclus
557. asked,557. A demandé
558. special,558. spécial
559. field,559. champ
560. energy,560. Énergie
561. old,561.
562. deal,562. Deal
563. offers,563. Offres
564. nearly,564. Presque
565. weeks,565. semaines
566. debt,566. dette
567. She,567. Elle
568. charges,568. Frais
569. Union,569. Union
570. needs,570. Besoins
571. effect,571. Effet
572. income,572. Revenu
573. uses,573. Utilisations
574. again,574. Encore une fois
575. Computer,575. Computer
576. East,576. EST
577. similar,577. similaire
578. Europe,578. Europe
579. near,579. Près de
580. create,580. Créer
581. form,581. Formulaire
582. main,582. principal
583. free,583. GRATUIT
584. largest,584.
585. return,585. retour
586. machine,586. Machine
587. hours,587. heures
588. yet,588. Pourtant
589. text,589. Texte
590. almost,590. Presque
591. All,591. Tout
592. man,592. Homme
593. required,593. requis
594. hardware,594. matériel
595. private,595. Privé
596. allows,596. Permet
597. killed,597. tué
598. international,598. International
599. known,599. connu
600. things,600. choses
601. base,601. Base
602. bonds,602. obligations
603. groups,603. Groupes
604. list,604. Liste
605. Mac,605. Mac
606. done,606. FAIT
607. means,607. signifie
608. additional,608. supplémentaire
609. gas,609. gaz
610. areas,610. zones
611. trying,611. Essayer
612. force,612. Force
613. isn't,613. n'est pas
614. funds,614. Fonds
615. lost,615. Perdu
616. once,616. Une fois
617. can't,617. Je ne peux pas
618. server,618. Serveur
619. Texas,619. Texas
620. OS,620. OS
621. City,621. Ville
622. calls,622. Appels
623. space,623. Espace
624. annual,624. annuel
625. color,625. Couleur
626. Sunday,626. Dimanche
627. networks,627. Réseaux
628. believe,628. croire
629. size,629. Taille
630. administration,630. Administration
631. states,631. États
632. functions,632. Fonctions
633. release,633. Libération
634. corporate,634.
635. T,635. t
636. across,636. à travers
637. needed,637. Besoin
638. miles,638. Miles
639. London,639. Londres
640. comment,640. Commentaire
641. building,641. Bâtiment
642. comes,642. vient
643. demand,643. Demande
644. stocks,644. Stocks
645. start,645. Démarrez
646. really,646. Vraiment
647. General,647. Général
648. cash,648.
649. campaign,649. Campagne
650. head,650. Tête
651. children,651. Enfants
652. went,652. est allé
653. LAN,653. LAN
654. probably,654. Probablement
655. marketing,655. Marketing
656. bill,656. Bill
657. night,657. nuit
658. While,658. Pendant
659. lines,659. lignes
660. saying,660. Dire
661. profit,661. Profit
662. series,662. série
663. State,663. État
664. potential,664. potentiel
665. Although,665. Bien que
666. tools,666. Outils
667. type,667. Type
668. amount,668. Montant
669. final,669. Final
670. sale,670. Vente
671. University,671. Université
672. drug,672. médicament
673. machines,673. Machines
674. North,674. Nord
675. budget,675. Budget
676. analysis,676. Analyse
677. Ms.,677. Mme
678. cases,678. Cas
679. California,679. Californie
680. car,680. voiture
681. following,681. suivant
682. ended,682. terminé
683. whose,683. dont
684. leaders,684. Leaders
685. vendors,685. vendeurs
686. Most,686. La plupart
687. statement,687. Déclaration
688. II,688. II
689. although,689. Bien que
690. certain,690. certain
691. operation,691. Fonctionnement
692. concern,692. Préoccupation
693. function,693. fonction
694. fact,694. FAIT
695. fall,695. Fall
696. air,696. Air
697. released,697. Sortie
698. German,698. allemand
699. itself,699. lui-même
700. exchange,700. Échange
701. J,701. J
702. personal,702. Personnel
703. something,703. Quelque chose
704. telephone,704. Téléphone
705. school,705. École
706. position,706. Position
707. previous,707. Précédent
708. bid,708.
709. won't,709. ne va pas
710. Stock,710. Stock
711. outside,711. à l'extérieur
712. Group,712. Groupe
713. rights,713. Droits
714. levels,714. niveaux
715. So,715.
716. Macintosh,716. Macintosh
717. involved,717.
718. always,718. Toujours
719. display,719. Affichage
720. source,720. Source
721. method,721. Méthode
722. leader,722.
723. language,723. langue
724. talks,724. Talks
725. terms,725. Conditions
726. quality,726. Qualité
727. Senate,727. Sénat
728. Many,728. beaucoup
729. communications,729. Communications
730. officer,730. Officier
731. estimated,731. estimé
732. Unix,732. Unix
733. D,733. D
734. led,734. LED
735. charge,735. Charge
736. black,736. noir
737. Germany,737. Allemagne
738. Software,738. Logiciel
739. senior,739. senior
740. reached,740. atteint
741. together,741. ensemble
742. eight,742. huit
743. selling,743. Vendre
744. rise,744. Rise
745. America,745. Amérique
746. difficult,746. Difficile
747. great,747. Super
748. standards,748. Normes
749. printer,749. Imprimante
750. having,750. Avoir
751. By,751. par
752. seen,752. Vu
753. various,753. Divers
754. speed,754. vitesse
755. considered,755. considéré
756. First,756. Premièrement
757. declined,757. refusé
758. latest,758. Dernier
759. central,759. Central
760. Calif,760. Californie
761. nuclear,761. nucléaire
762. currently,762. Actuellement
763. vote,763. Votez
764. existing,764. existant
765. above,765. ci-dessus
766. yen,766. Yen
767. His,767. Son
768. commercial,768. Commercial
769. clear,769. Clear
770. students,770. Étudiants
771. Court,771. Court
772. Service,772. Service
773. revenue,773. Revenus
774. Saturday,774. Samedi
775. pressure,775. Pression
776. effort,776. Effort
777. taking,777. Prendre
778. provided,778. fourni
779. present,779. Présent
780. meet,780. Rencontrez
781. conditions,781. Conditions
782. approach,782. Approche
783. output,783. Sortie
784. offering,784. Offrande
785. staff,785. Personnel
786. death,786. Mort
787. described,787. décrit
788. word,788. mot
789. women,789. femmes
790. profits,790. Profits
791. sources,791. Sources
792. easy,792. Facile
793. spending,793. dépenses
794. AT,794.
795. January,795. janvier
796. RAM,796. Ram
797. video,797. Vidéo
798. Robert,798. Robert
799. Reagan,799. Reagan
800. men,800. hommes
801. role,801. Rôle
802. technical,802. technique
803. died,803. Décédé
804. seven,804. sept
805. image,805. Image
806. course,806. Cours
807. Mrs.,807. Mme
808. conference,808. Conférence
809. television,809. télévision
810. offered,810. offert
811. significant,811.
812. sent,812. envoyé
813. remain,813. Rester
814. rule,814. Règle
815. Data,815. Données
816. paid,816. Payé
817. scheduled,817. planifié
818. December,818. Décembre
819. ability,819. Capacité
820. managers,820. Managers
821. Street,821. Street
822. Both,822.
823. basis,823. Base
824. units,824. Unités
825. side,825. côté
826. view,826. Voir
827. securities,827. Titres
828. complete,828. Compléter
829. proposal,829. proposition
830. food,830. Nourriture
831. lead,831.
832. assets,832. actifs
833. card,833. Carte
834. short,834. court
835. What,835. quoi
836. I'm,836. Je suis
837. credit,837. Crédit
838. doing,838. Faire
839. World,839. Monde
840. Air,840. Air
841. forces,841. Forces
842. September,842. Septembre
843. parts,843. Pièces
844. face,844. Face
845. Office,845. Bureau
846. question,846. Question
847. reduce,847. Réduire
848. Now,848. Maintenant
849. claims,849. réclamations
850. defense,850. Défense
851. fire,851. Feu
852. date,852. Date
853. White,853. blanc
854. efforts,854. efforts
855. structure,855. Structure
856. specific,856. Spécifique
857. require,857. Exiger
858. soon,858. bientôt
859. review,859. Revue
860. October,860. octobre
861. toward,861. vers
862. expect,862. Attendez-vous
863. figures,863. Figures
864. simple,864. Simple
865. member,865. membre
866. Dollars,866. dollars
867. looking,867. Regarder
868. jobs,868. Emplois
869. health,869. Santé
870. rules,870. Règles
871. works,871. fonctionne
872. hold,872. tenir
873. cannot,873. ne peut pas
874. R,874. R
875. gave,875. a donné
876. necessary,876. nécessaire
877. getting,877. Obtenir
878. limited,878. Limite
879. showed,879. montré
880. shows,880. montre
881. named,881. Nommé
882. thing,882. chose
883. capabilities,883. Capacités
884. Other,884. Autre
885. presented,885. Présenté
886. especially,886. en particulier
887. ever,887. Jamais
888. requirements,888. Exigences
889. committee,889. Comité
890. response,890. Réponse
891. supports,891. Supports
892. processor,892. Processeur
893. turn,893. tourner
894. volume,894. Volume
895. priced,895. Prix
896. bond,896. Bond
897. models,897. Modèles
898. insurance,898. Assurance
899. Commission,899. Commission
900. requires,900. Exige
901. won,901. Won
902. multiple,902. multiple
903. separate,903. Séparer
904. started,904. Démarré
905. Board,905. Conseil
906. Since,906. Depuis
907. via,907. via
908. book,908. Livre
909. options,909. Options
910. supply,910. Alimentation
911. troops,911. troupes
912. Two,912. deux
913. decided,913. décidé
914. created,914. Créé
915. continued,915. Suite
916. tests,916. Tests
917. let,917. Soit
918. begin,918. Commencer
919. became,919. est devenu
920. longer,920. Plus longtemps
921. hit,921.
922. house,922. maison
923. losses,923. Pertes
924. leading,924.
925. August,925. août
926. buying,926. Acheter
927. command,927. Commande
928. directly,928. directement
929. nation's,929. Nation
930. fiscal,930. Fiscal
931. X,931. x
932. develop,932. Développer
933. thought,933. pensée
934. account,934. compte
935. P,935. P
936. complex,936. Complexe
937. takes,937. prend
938. produce,938. Produire
939. try,939. Essayez
940. filed,940. Classé
941. Association,941. Association
942. wanted,942. recherché
943. discussed,943. Discuté
944. wants,944. veut
945. document,945. Document
946. below,946. ci-dessous
947. behind,947. derrière
948. Even,948. Même
949. businesses,949. Entreprises
950. James,950. James
951. shown,951. montré
952. training,952. Formation
953. department,953. Département
954. drives,954. Drives
955. firms,955.
956. growing,956. Growing
957. Last,957. Dernière
958. analyst,958. Analyste
959. team,959. Équipe
960. play,960. Jouez
961. press,961. Appuyez sur
962. why,962. Pourquoi
963. programming,963. Programmation
964. investigation,964. Enquête
965. union,965. Union
966. trial,966. Procès
967. reason,967. Raison
968. UK,968. Royaume-Uni
969. kind,969. Kind
970. feature,970. Fonctionnalité
971. light,971. Lumière
972. November,972. novembre
973. Democratic,973. démocrate
974. Manager,974. Gestionnaire
975. numbers,975. Nombres
976. turned,976. tourné
977. purchase,977. Achat
978. futures,978. Futures
979. seems,979. semble
980. Los,980. los
981. storage,981. Stockage
982. French,982. français
983. gain,983. Gain
984. planned,984. planifié
985. Party,985. Partie
986. inflation,986. Inflation
987. read,987. Lire
988. hand,988.
989. built,989. Construit
990. industrial,990. Industriel
991. David,991. David
992. strategy,992. Stratégie
993. authorities,993. Autorités
994. expects,994. attend
995. Committee,995. Comité
996. distribution,996. Distribution
997. runs,997. Runs
998. address,998. Adresse
999. cars,999. voitures
1000. particularly,1000. en particulier
1001. individual,1001. Individu
1002. center,1002. Centre
1003. legal,1003. légal
1004. documents,1004. documents
1005. p.m.,1005. p.m.
1006. brought,1006. amené
1007. effective,1007. efficace
1008. leave,1008. Partez
1009. newspaper,1009. journal
1010. quickly,1010. rapidement
1011. notes,1011. Notes
1012. written,1012. écrit
1013. build,1013. Construire
1014. Chicago,1014. Chicago
1015. that's,1015. C'est
1016. Western,1016. Western
1017. yield,1017. Rendement
1018. Management,1018. Gestion
1019. reduced,1019. réduit
1020. bring,1020. Apporter
1021. independent,1021. indépendant
1022. loans,1022. prêts
1023. moved,1023. Déplacé
1024. phone,1024. Téléphone
1025. remains,1025. Reste
1026. transfer,1026. Transfert
1027. approved,1027. Approuvé
1028. simply,1028. simplement
1029. nine,1029. neuf
1030. feel,1030. Sentez
1031. previously,1031. Auparavant
1032. dropped,1032. abandonné
1033. Center,1033. Centre
1034. failed,1034. Échec
1035. decline,1035. déclin
1036. biggest,1036. plus grand
1037. worth,1037. Vaut
1038. basic,1038. Basique
1039. benefits,1039. Avantages
1040. device,1040. Appareil
1041. matter,1041.
1042. County,1042. comté
1043. human,1043. humain
1044. electronic,1044. électronique
1045. add,1045. Ajouter
1046. condition,1046. Condition
1047. direct,1047. Direct
1048. aid,1048. Aide
1049. worked,1049. travaillé
1050. DEC,1050. Dec
1051. M,1051. M
1052. election,1052. Élection
1053. February,1053. Février
1054. original,1054. Original
1055. Under,1055.
1056. Also,1056. Aussi
1057. step,1057. Étape
1058. Jose,1058. Jose
1059. anything,1059. n'importe quoi
1060. letter,1060. Lettre
1061. Michael,1061. Michael
1062. idea,1062. Idée
1063. message,1063. Message
1064. history,1064. Histoire
1065. B,1065. b
1066. St,1066. ST
1067. themselves,1067. eux-mêmes
1068. allowed,1068. autorisé
1069. effects,1069. Effets
1070. introduced,1070. introduit
1071. term,1071. Terme
1072. competition,1072. Competition
1073. drop,1073. Drop
1074. caused,1074. causé
1075. front,1075. Front
1076. capacity,1076. Capacité
1077. According,1077. Selon
1078. stake,1078.
1079. solution,1079. Solution
1080. charged,1080. Chargé
1081. cause,1081. Cause
1082. PCs,1082. PCS
1083. greater,1083.
1084. box,1084. Boîte
1085. issued,1085. Émis
1086. evidence,1086. Preuve
1087. sure,1087. Bien sûr
1088. division,1088. Division
1089. beginning,1089. Début
1090. workstations,1090. Postes de travail
1091. helped,1091. Aidé
1092. region,1092. Région
1093. spent,1093. dépensé
1094. room,1094. Salle
1095. advantage,1095. Avantage
1096. you're,1096. Vous êtes
1097. Another,1097. Un autre
1098. planning,1098. Planification
1099. testing,1099. Test
1100. increases,1100. augmente
1101. William,1101. William
1102. fund,1102. Fonds
1103. instead,1103. à la place
1104. Canada,1104. Canada
1105. particular,1105. particulier
1106. produced,1106. produit
1107. overall,1107. Dans l'ensemble
1108. receive,1108. Recevoir
1109. activity,1109. Activité
1110. wife,1110. Épouse
1111. nothing,1111. Rien
1112. whole,1112. entier
1113. minutes,1113. Minutes
1114. L,1114. l
1115. mode,1115. Mode
1116. dollars,1116. dollars
1117. care,1117. CARE
1118. tried,1118. Essayé
1119. Its,1119. son
1120. Iraq,1120. Irak
1121. Lotus,1121. Lotus
1122. flow,1122. Flux
1123. fast,1123. Rapide
1124. Treasury,1124. Trésor
1125. chip,1125. Chip
1126. usually,1126. Habituellement
1127. serious,1127. sérieux
1128. values,1128. Valeurs
1129. types,1129. Types
1130. devices,1130. Appareils
1131. page,1131. Page
1132. consider,1132. Considérez
1133. customer,1133. Client
1134. holding,1134. Tenant
1135. construction,1135. Construction
1136. tool,1136. outil
1137. images,1137. Images
1138. powerful,1138. puissant
1139. opposition,1139. opposition
1140. Wall,1140. Mur
1141. Minister,1141. Ministre
1142. minister,1142. Ministre
1143. initial,1143. Initial
1144. fuel,1144. carburant
1145. coming,1145. Venant
1146. Americans,1146. Américains
1147. desktop,1147. Desktop
1148. developers,1148. développeurs
1149. window,1149. fenêtre
1150. contracts,1150. Contrats
1151. heavy,1151.
1152. attorney,1152. avocat
1153. rest,1153. Repos
1154. bad,1154. Mauvais
1155. George,1155. George
1156. game,1156. Jeu
1157. executives,1157. cadres
1158. versions,1158. Versions
1159. Y,1159. y
1160. bought,1160. Acheté
1161. IBM's,1161. IBM
1162. gives,1162. Donne
1163. changed,1163. Changé
1164. survey,1164. Enquête
1165. session,1165. Session
1166. consumer,1166. consommateur
1167. domestic,1167. domestique
1168. Israel,1168. Israël
1169. monitor,1169. Moniteur
1170. related,1170.
1171. Jones,1171. Jones
1172. facilities,1172. Installations
1173. mail,1173. Mail
1174. stores,1174. Magasins
1175. situation,1175. situation
1176. followed,1176. suivi
1177. methods,1177. Méthodes
1178. coal,1178. Charbon
1179. variety,1179. Variété
1180. determine,1180. Déterminer
1181. despite,1181. Malgré
1182. year's,1182.
1183. China,1183. Chine
1184. wasn't,1184. n'était pas
1185. hope,1185. Espoir
1186. utility,1186. Utilité
1187. option,1187. Option
1188. workstation,1188. Passe de travail
1189. judge,1189. Juge
1190. Sun,1190. Soleil
1191. smaller,1191. plus petit
1192. summer,1192. Été
1193. choice,1193. Choix
1194. records,1194. Records
1195. risk,1195. Risque
1196. resources,1196. Ressources
1197. manufacturing,1197. Fabrication
1198. moving,1198. Déplacer
1199. raised,1199.
1200. questions,1200. Questions
1201. larger,1201.
1202. strike,1202. Strike
1203. store,1203. Magasin
1204. published,1204. Publié
1205. faster,1205.
1206. section,1206. Section
1207. Network,1207. Réseau
1208. popular,1208. Populaire
1209. attack,1209. Attaque
1210. seeking,1210. Recherche
1211. subject,1211. Sujet
1212. met,1212. rencontré
1213. projects,1213. Projets
1214. raise,1214. Augmenter
1215. E,1215. E
1216. Services,1216. Services
1217. generally,1217. Généralement
1218. primary,1218. Primaire
1219. Information,1219. Informations
1220. property,1220. Propriété
1221. organization,1221. Organisation
1222. signed,1222. Signé
1223. orders,1223. Commandes
1224. packages,1224. Packages
1225. ahead,1225.
1226. impact,1226. Impact
1227. developing,1227. Développement
1228. young,1228. Jeune
1229. measure,1229. Mesure
1230. live,1230. Live
1231. obtained,1231. obtenu
1232. radio,1232. Radio
1233. print,1233. Imprimer
1234. entire,1234. entier
1235. experience,1235. Expérience
1236. slightly,1236. légèrement
1237. attempt,1237. Tentative
1238. de,1238. DE
1239. site,1239. site
1240. internal,1240. interne
1241. ways,1241. façons
1242. O,1242. o
1243. morning,1243. matin
1244. aren't,1244. ne sont pas
1245. Dukakis,1245. Dukakis
1246. request,1246. Demande
1247. joint,1247. Joint
1248. improve,1248. Améliorer
1249. plants,1249. Plantes
1250. Richard,1250. Richard
1251. community,1251. Communauté
1252. Democrats,1252. démocrates
1253. person,1253.
1254. deficit,1254. déficit
1255. resolution,1255. Résolution
1256. success,1256. Succès
1257. expensive,1257. Cher
1258. weapons,1258. Armes
1259. appear,1259. Apparaître
1260. white,1260. blanc
1261. activities,1261. Activités
1262. lets,1262. Permet
1263. woman,1263. Femme
1264. completed,1264. Terminé
1265. land,1265. Terre
1266. determined,1266. déterminé
1267. sub,1267. Sub
1268. Republican,1268. Républicain
1269. suit,1269. Suit
1270. More,1270. Plus
1271. installed,1271. installé
1272. immediately,1272. Immédiatement
1273. acquisition,1273. Acquisition
1274. improved,1274. Amélioré
1275. HP,1275. HP
1276. bus,1276. Bus
1277. gains,1277. Gains
1278. himself,1278. lui-même
1279. ground,1279.
1280. stop,1280. Arrêtez
1281. Securities,1281. Titres
1282. army,1282. Armée
1283. patients,1283. Patients
1284. printers,1284. Imprimantes
1285. increasing,1285.
1286. media,1286. Médias
1287. mean,1287. Moyenne
1288. expansion,1288. Expansion
1289. lack,1289. manque
1290. Sen,1290. Sen
1291. fourth,1291. Quatrième
1292. Angeles,1292. Angeles
1293. damage,1293. Dommages
1294. shot,1294. tir
1295. saw,1295. Saw
1296. France,1296. France
1297. NetWare,1297. NetWare
1298. menu,1298. Menu
1299. noted,1299. Noté
1300. write,1300. Écrivez
1301. Because,1301. Parce que
1302. safety,1302. Sécurité
1303. Police,1303. Police
1304. shareholders,1304. actionnaires
1305. Each,1305. chacun
1306. protection,1306. Protection
1307. cards,1307. Cartes
1308. figure,1308. Figure
1309. peace,1309. Paix
1310. town,1310. Ville
1311. Research,1311. Recherche
1312. oct.,1312. oct.
1313. Technology,1313. Technologie
1314. dealers,1314. Concessionnaires
1315. age,1315. âge
1316. About,1316. À propos
1317. Then,1317. Ensuite
1318. prison,1318. prison
1319. class,1319. Classe
1320. sector,1320. secteur
1321. a.m.,1321. A.M.
1322. wouldn't,1322. ne serait pas
1323. details,1323. Détails
1324. refused,1324. Refusé
1325. material,1325. Matériel
1326. interview,1326. Entretien
1327. opened,1327. Ouvert
1328. ruling,1328. Décision
1329. forced,1329. Forcé
1330. check,1330. Vérifier
1331. actually,1331. En fait
1332. quite,1332. Tout à fait
1333. treatment,1333. Traitement
1334. parties,1334. Parties
1335. table,1335. Tableau
1336. approval,1336. Approbation
1337. Eastern,1337. Eastern
1338. manufacturers,1338. Fabricants
1339. elections,1339. Élections
1340. talk,1340. Talk
1341. integrated,1341. intégré
1342. majority,1342. majorité
1343. couldn't,1343. ne pouvait pas
1344. tell,1344. Tell
1345. poor,1345. Pauvre
1346. Jan,1346. Jan
1347. Gorbachev,1347. Gorbachev
1348. host,1348. Hôte
1349. handle,1349.
1350. appears,1350. apparaît
1351. Ltd,1351. Ltd
1352. engineering,1352. Ingénierie
1353. Canadian,1353. Canadien
1354. Administration,1354. Administration
1355. there's,1355. Il y a
1356. taxes,1356. Taxes
1357. ordered,1357. Ordonna
1358. Communications,1358. Communications
1359. medical,1359. Medical
1360. Tokyo,1360. Tokyo
1361. presidential,1361. présidentiel
1362. easily,1362. facilement
1363. Paul,1363. Paul
1364. wide,1364. large
1365. cable,1365. Câble
1366. agencies,1366. agences
1367. voice,1367. voix
1368. heat,1368. Chaleur
1369. That's,1369. C'est
1370. film,1370. Film
1371. send,1371. Envoyer
1372. components,1372. Composants
1373. comments,1373. Commentaires
1374. Defense,1374. Défense
1375. true,1375. Vrai
1376. 1-2-3,1376. 1-2-3
1377. useful,1377. Utile
1378. attention,1378. Attention
1379. Secretary,1379. Secrétaire
1380. soldiers,1380. Soldats
1381. cuts,1381. Coupes
1382. search,1382. Recherche
1383. port,1383. Port
1384. cover,1384. Couvrir
1385. maker,1385. Maker
1386. Intel,1386. Intel
1387. contains,1387. contient
1388. task,1388. Tâche
1389. H,1389. H
1390. normal,1390. Normal
1391. story,1391. histoire
1392. Act,1392. Act
1393. materials,1393. Matériaux
1394. composite,1394. Composite
1395. benefit,1395. Avantage
1396. established,1396. établi
1397. station,1397. Station
1398. measures,1398. Mesures
1399. thousands,1399. Des milliers
1400. active,1400. actif
1401. relatively,1401.
1402. supported,1402. soutenu
1403. providing,1403. Fournir
1404. format,1404. Format
1405. hospital,1405. Hôpital
1406. slow,1406. lent
1407. plus,1407. Plus
1408. News,1408. News
1409. loan,1409. prêt
1410. Boston,1410. Boston
1411. computing,1411. Informatique
1412. automatically,1412. automatiquement
1413. body,1413. corps
1414. win,1414. Gagnez
1415. arrested,1415. arrêté
1416. identified,1416. Identifié
1417. advanced,1417. Avancé
1418. accounts,1418. Comptes
1419. client,1419. Client
1420. long-term,1420. À long terme
1421. we're,1421. Nous sommes
1422. surface,1422. Surface
1423. suggested,1423. suggéré
1424. feet,1424. pieds
1425. target,1425. cible
1426. Dow,1426. Dow
1427. editor,1427. éditeur
1428. appeared,1428. est apparu
1429. officers,1429. Officiers
1430. hopes,1430. Espère
1431. Digital,1431. numérique
1432. giving,1432. Donner
1433. upgrade,1433. Amélioration
1434. panel,1434. Panneau
1435. reach,1435. RECHERCHE
1436. temperature,1436. Température
1437. nation,1437. Nation
1438. Among,1438. parmi
1439. homes,1439. maisons
1440. payments,1440. Paiements
1441. carried,1441. transporté
1442. bit,1442. Bit
1443. names,1443. Noms
1444. fonts,1444. Polices
1445. critical,1445. Critique
1446. estate,1446. Estate
1447. finance,1447. Finance
1448. facility,1448. Facilité
1449. hearing,1449. entendre
1450. daily,1450. tous les jours
1451. visit,1451. Visitez
1452. indicated,1452. indiqué
1453. traders,1453. Traders
1454. traffic,1454. Trafic
1455. Council,1455. Conseil
1456. Dec,1456. Dec
1457. gold,1457. Gold
1458. recovery,1458. Récupération
1459. legislation,1459. Législation
1460. goes,1460. va
1461. takeover,1461. Takeover
1462. save,1462. Économisez
1463. seem,1463. sembler
1464. TV,1464. TV
1465. reporters,1465. Reporteurs
1466. limit,1466. Limite
1467. SQL,1467. SQL
1468. natural,1468. Natural
1469. currency,1469. devise
1470. mainframe,1470. Mainframe
1471. V,1471. V
1472. pounds,1472. livres
1473. negotiations,1473. négociations
1474. maximum,1474. Maximum
1475. plane,1475. Planifier
1476. cell,1476. Cell
1477. spokeswoman,1477. porte-parole
1478. announcement,1478. Annonce
1479. sup,1479. sup
1480. season,1480. Saison
1481. estimates,1481. Estimations
1482. District,1482. District
1483. successful,1483. réussi
1484. stage,1484. étape
1485. object,1485. Objet
1486. sept.,1486. ​​Sept.
1487. believed,1487. croyait
1488. distributed,1488. Distribué
1489. chemical,1489. chimique
1490. claim,1490. Réclamation
1491. easier,1491. Plus facile
1492. accounting,1492. comptabilité
1493. Smith,1493. Smith
1494. accused,1494. Accusé
1495. education,1495. Éducation
1496. Britain,1496. Grande-Bretagne
1497. sense,1497. sens
1498. Aug,1498. août
1499. Santa,1499. Père Noël
1500. Gulf,1500. Golfe
1501. copy,1501. Copier
1502. Communist,1502. communiste
1503. apparently,1503. Apparemment
1504. status,1504. Statut
1505. Francisco,1505. Francisco
1506. retail,1506. Retail
1507. techniques,1507. Techniques
1508. they're,1508. Ils sont
1509. fields,1509. champs
1510. regulations,1510. Règlements
1511. placed,1511. Placé
1512. fully,1512. pleinement
1513. returned,1513. retourné
1514. aircraft,1514. avion
1515. Ethernet,1515. Ethernet
1516. civil,1516. civil
1517. Pacific,1517. Pacifique
1518. Army,1518. Armée
1519. Judge,1519. Juge
1520. focus,1520. Focus
1521. Central,1521. Central
1522. quoted,1522. Cité
1523. tape,1523. ruban
1524. everything,1524. Tout
1525. Of,1525. de
1526. passed,1526. passé
1527. fax,1527. Fax
1528. highly,1528.
1529. inside,1529. à l'intérieur
1530. Rep,1530. Rep
1531. extended,1531.
1532. studies,1532. Études
1533. forms,1533. Formulaires
1534. stay,1534. Restez
1535. commands,1535. Commandes
1536. performed,1536. Effectué
1537. Moscow,1537. Moscou
1538. savings,1538. Économies
1539. concerns,1539. Préoccupations
1540. labor,1540. Travail
1541. relations,1541. Relations
1542. upon,1542.
1543. Dr,1543. Dr
1544. W,1544. W
1545. architecture,1545. Architecture
1546. adding,1546. Ajout
1547. buyers,1547. Acheteurs
1548. offices,1548. Bureaux
1549. block,1549. Bloc
1550. avoid,1550. Évitez
1551. Supreme,1551. Suprême
1552. goods,1552. marchandises
1553. secretary,1553. Secrétaire
1554. throughout,1554. tout au long
1555. nations,1555. Nations
1556. believes,1556. croit
1557. War,1557. Guerre
1558. remote,1558. Remote
1559. Plus,1559. Plus
1560. banking,1560. Banque
1561. policies,1561. Politiques
1562. ship,1562. Ship
1563. procedures,1563. Procédures
1564. sign,1564. Signe
1565. kept,1565.
1566. ready,1566. Prêt
1567. objects,1567. Objets
1568. transaction,1568. Transaction
1569. acquired,1569. acquis
1570. traditional,1570. traditionnel
1571. link,1571. Lien
1572. act,1572. Act
1573. heart,1573. Cœur
1574. Thomas,1574. Thomas
1575. denied,1575. refus
1576. subsidiary,1576. Filiale
1577. huge,1577. Énorme
1578. difference,1578. Différence
1579. chance,1579. Chance
1580. environmental,1580. Environnement
1581. schools,1581. Écoles
1582. Users,1582. utilisateurs
1583. Institute,1583. Institut
1584. fighting,1584. Combattre
1585. seek,1585. Cherchez
1586. fight,1586. combattre
1587. recession,1587. Récession
1588. outstanding,1588. exceptionnel
1589. fair,1589. Foire
1590. VGA,1590. VGA
1591. Force,1591. Force
1592. hasn't,1592. n'a pas
1593. adds,1593. Ajoute
1594. Development,1594. Développement
1595. properties,1595. Propriétés
1596. concerned,1596. concerné
1597. words,1597. Mots
1598. appeal,1598. Appel
1599. regional,1599. régional
1600. Florida,1600. Floride
1601. During,1601. pendant
1602. error,1602. Erreur
1603. settlement,1603. Settlement
1604. clients,1604. Clients
1605. laws,1605. Lois
1606. Israeli,1606. Israélien
1607. flight,1607. Vol
1608. controls,1608. Contrôles
1609. competitive,1609. Competitive
1610. appropriate,1610. approprié
1611. I've,1611. J'ai
1612. factors,1612. Facteurs
1613. alternative,1613. Alternative
1614. son,1614. Fils
1615. alone,1615. seul
1616. Meanwhile,1616. Entre-temps
1617. associated,1617. Associé
1618. Security,1618. Sécurité
1619. generation,1619. Génération
1620. boards,1620. Boards
1621. crash,1621. Crash
1622. Justice,1622. Justice
1623. Big,1623. Big
1624. failure,1624. Échec
1625. intended,1625.
1626. prepared,1626. Préparé
1627. mostly,1627. Surtout
1628. items,1628. Articles
1629. government's,1629. Le gouvernement
1630. factor,1630. Facteur
1631. music,1631. Musique
1632. chips,1632. Chips
1633. allowing,1633. Autoriser
1634. beyond,1634. Au-delà
1635. tested,1635. Testé
1636. opening,1636. Ouverture
1637. claimed,1637. revendiqué
1638. answer,1638. Réponse
1639. maintain,1639. Maintenir
1640. laser,1640. Laser
1641. delivery,1641. Livraison
1642. sites,1642. Sites
1643. Foreign,1643. étranger
1644. strength,1644. Force
1645. Jackson,1645. Jackson
1646. discuss,1646. Discuter
1647. PostScript,1647. PostScript
1648. servers,1648. Serveurs
1649. spend,1649. dépenser
1650. gained,1650.
1651. compatible,1651. Compatible
1652. couple,1652. Couple
1653. marks,1653. Marques
1654. remained,1654. Reste
1655. rejected,1655. Rejeté
1656. selected,1656. Sélectionné
1657. Iran,1657. Iran
1658. movement,1658. Mouvement
1659. maintenance,1659. Entretien
1660. AIDS,1660. SIDA
1661. events,1661. Événements
1662. Ford,1662. Ford
1663. venture,1663. Venture
1664. population,1664. Population
1665. crisis,1665. Crise
1666. Business,1666. Business
1667. disks,1667. Disques
1668. Those,1668. ceux
1669. border,1669. Border
1670. understand,1670. Comprendre
1671. responsible,1671. Responsable
1672. percentage,1672. Pourcentage
1673. continuing,1673. Continue
1674. arms,1674. Armes
1675. enter,1675. Entrez
1676. waste,1676. Déchets
1677. F,1677. F
1678. Kuwait,1678. Koweït
1679. drugs,1679. Drogues
1680. living,1680. Vivre
1681. cells,1681. cellules
1682. fine,1682. Très bien
1683. input,1683. Entrée
1684. prime,1684. Prime
1685. largely,1685. en grande partie
1686. publishing,1686. Publication
1687. dividend,1687. Dividende
1688. ask,1688. Demandez
1689. K,1689. k
1690. looks,1690. Regarde
1691. reduction,1691. Réduction
1692. prevent,1692. Empêcher
1693. highest,1693.
1694. minimum,1694. minimum
1695. someone,1695. Quelqu'un
1696. reasons,1696. Raisons
1697. phase,1697. Phase
1698. event,1698. Événement
1699. accept,1699. Acceptez
1700. advertising,1700. Publicité
1701. operate,1701. Opérer
1702. writing,1702. Écriture
1703. Three,1703. Trois
1704. Mass,1704. Masse
1705. article,1705. Article
1706. Mexico,1706. Mexique
1707. child,1707. Enfant
1708. starting,1708. Début
1709. listed,1709. répertorié
1710. Our,1710. Notre
1711. country's,1711. pays
1712. anyone,1712. n'importe qui
1713. VAX,1713. Vax
1714. configuration,1714. Configuration
1715. perform,1715. Effectuer
1716. connection,1716. Connexion
1717. rising,1717.
1718. interested,1718. Intéressé
1719. residents,1719. résidents
1720. modem,1720. Modem
1721. remaining,1721.
1722. extra,1722. Extra
1723. merger,1723. Merreur
1724. owned,1724.
1725. cities,1725. Cities
1726. else,1726. Sinon
1727. Chinese,1727. Chinois
1728. leaving,1728. partir
1729. Several,1729. Plusieurs
1730. Such,1730. Tel
1731. break,1731. Break
1732. Novell,1732. Novell
1733. goal,1733. Objectif
1734. keyboard,1734. Clavier
1735. joined,1735. Rejoint
1736. parallel,1736. Parallèle
1737. sometimes,1737. Parfois
1738. battle,1738. Bataille
1739. wrote,1739. Écrit
1740. sound,1740.
1741. Arab,1741. Arabe
1742. Park,1742. Park
1743. speech,1743. Discours
1744. he's,1744. Il est
1745. directors,1745. Directeurs
1746. capability,1746. Capacité
1747. dead,1747. Mort
1748. Hong,1748. Hong
1749. formed,1749. Formé
1750. commission,1750. Commission
1751. character,1751. Caractère
1752. spreadsheet,1752. feuille de calcul
1753. am,1753. Am
1754. carry,1754. transporter
1755. sets,1755. SETS
1756. supplies,1756. Supplies
1757. hour,1757. heure
1758. elements,1758. Éléments
1759. weekend,1759. week-end
1760. Despite,1760. Malgré
1761. Iraqi,1761. Irakien
1762. jury,1762. Jury
1763. pages,1763. Pages
1764. unchanged,1764. inchangé
1765. post,1765. Post
1766. external,1766.
1767. driver,1767. Conducteur
1768. Agency,1768. Agence
1769. nov.,1769. Nov.
1770. mouse,1770. Souris
1771. Press,1771. Presse
1772. combined,1772. combiné
1773. instance,1773. Instance
1774. perhaps,1774. Peut-être
1775. balance,1775. Équilibre
1776. utilities,1776. services publics
1777. implementation,1777. Implémentation
1778. ones,1778.
1779. installation,1779. Installation
1780. creating,1780. Création
1781. controller,1781. Contrôleur
1782. makers,1782. fabricants
1783. terminal,1783. Terminal
1784. Navy,1784. Marine
1785. opportunity,1785. Opportunité
1786. wrong,1786. Mauvais
1787. hundreds,1787. Des centaines
1788. Not,1788. Pas
1789. occurred,1789. s'est produit
1790. progress,1790. Progrès
1791. processes,1791. Processus
1792. personnel,1792. Personnel
1793. stand,1793. Stand
1794. interests,1794. Intérêts
1795. except,1795. Sauf
1796. switch,1796. Commutation
1797. track,1797. Piste
1798. magazine,1798. Magazine
1799. bills,1799. Bills
1800. documentation,1800. Documentation
1801. engine,1801. Moteur
1802. III,1802. III
1803. conducted,1803. Conduit
1804. messages,1804. Messages
1805. housing,1805. Logement
1806. entry,1806. Entrée
1807. knowledge,1807. Connaissances
1808. England,1808. Angleterre
1809. We're,1809. Nous sommes
1810. hands,1810. MAINS
1811. relationship,1811. Relation
1812. world's,1812. Monde
1813. lives,1813. Lives
1814. lawyer,1814. avocat
1815. organizations,1815. Organisations
1816. sharply,1816.
1817. notice,1817. Avis
1818. combination,1818. combinaison
1819. serve,1819. Servir
1820. Africa,1820. Afrique
1821. library,1821. Bibliothèque
1822. institutions,1822. Institutions
1823. art,1823. Art
1824. follow,1824. Suivez
1825. protect,1825. Protéger
1826. gone,1826. parti
1827. floor,1827. Plancher
1828. calling,1828. Appel
1829. heard,1829. entendu
1830. served,1830. servi
1831. played,1831. joué
1832. Only,1832. seulement
1833. G,1833. g
1834. parents,1834. Parents
1835. replace,1835. Remplacer
1836. considering,1836. Considérer
1837. gets,1837.
1838. social,1838. Social
1839. travel,1839. Voyage
1840. eventually,1840. Finalement
1841. airline,1841. Airline
1842. headquarters,1842. Siège social
1843. aimed,1843. destiné
1844. Charles,1844. Charles
1845. note,1845. Remarque
1846. located,1846. Situé
1847. decade,1847. Décennie
1848. continues,1848. Continue
1849. Analysts,1849. Analystes
1850. southern,1850. Southern
1851. Once,1851. Une fois
1852. processors,1852. Processeurs
1853. procedure,1853. Procédure
1854. mother,1854. Mère
1855. global,1855. Global
1856. excellent,1856. Excellent
1857. Model,1857. Modèle
1858. northern,1858. Nord
1859. mass,1859. Masse
1860. From,1860. de
1861. digital,1861. numérique
1862. Feb,1862. février
1863. printing,1863. Impression
1864. Jr,1864. Jr
1865. UNIX,1865. Unix
1866. restructuring,1866. restructuration
1867. agree,1867. D'accord
1868. How,1868. Comment
1869. conventional,1869. Conventionnel
1870. Bell,1870. cloche
1871. widely,1871. largement
1872. Standard,1872. Standard
1873. applied,1873. Appliqué
1874. lawyers,1874. avocats
1875. practice,1875. Pratique
1876. solutions,1876. Solutions
1877. sought,1877. recherché
1878. boost,1878. Boost
1879. Energy,1879. Énergie
1880. export,1880. Exportation
1881. windows,1881. Windows
1882. clearly,1882. Clairement
1883. showing,1883. Affichage
1884. tons,1884. Tonnes
1885. candidate,1885. candidat
1886. graphical,1886. Graphique
1887. measured,1887. mesuré
1888. equity,1888. Carity
1889. choose,1889. Choisissez
1890. estimate,1890. Estimer
1891. mainly,1891. Principalement
1892. district,1892. District
1893. studied,1893. étudié
1894. integration,1894. Intégration
1895. Prime,1895. Prime
1896. radiation,1896. Radiation
1897. drivers,1897. Conducteurs
1898. experts,1898. Experts
1899. closing,1899. Clôture
1900. technique,1900. Technique
1901. rebels,1901. Rebels
1902. holds,1902. tient
1903. ran,1903. Ran
1904. unless,1904. sauf si
1905. learn,1905. Apprenez
1906. debate,1906. Débat
1907. convicted,1907. Condamné
1908. refs,1908. REFS
1909. steel,1909. acier
1910. families,1910. Familles
1911. parameters,1911. Paramètres
1912. Open,1912. Ouvert
1913. predicted,1913. prévu
1914. figs,1914. Figs
1915. decisions,1915. Décisions
1916. finished,1916. terminé
1917. decide,1917. Décider
1918. There's,1918. Il y a
1919. alleged,1919. présumé
1920. direction,1920. Direction
1921. launched,1921. Lancé
1922. candidates,1922. candidats
1923. Kong,1923. Kong
1924. load,1924. Charge
1925. Chairman,1925. Président
1926. environments,1926. Environnements
1927. Times,1927. Times
1928. physical,1928. physique
1929. steps,1929. Étapes
1930. filing,1930. Dépôt
1931. stations,1931. Stations
1932. rally,1932. Rallye
1933. felt,1933. Felt
1934. spread,1934. Proprefait
1935. trouble,1935. Trouble
1936. exports,1936. Exportations
1937. race,1937. Race
1938. south,1938. Sud
1939. father,1939. Père
1940. ensure,1940. Assurer
1941. books,1941. Livres
1942. actions,1942. Actions
1943. influence,1943. Influence
1944. Financial,1944. Financière
1945. thus,1945. Ainsi
1946. affected,1946. affecté
1947. positions,1947. Positions
1948. setting,1948. Définition
1949. reporting,1949. Reportage
1950. proposals,1950. Propositions
1951. emergency,1951. urgence
1952. reaction,1952. Réaction
1953. differences,1953. Différences
1954. grow,1954. grandir
1955. floppy,1955. Vale
1956. possibility,1956. Possibilité
1957. represents,1957. représente
1958. Soviets,1958. Soviétiques
1959. Instead,1959. plutôt
1960. injured,1960. blessé
1961. student,1961. Étudiant
1962. Compaq,1962. Compaq
1963. automatic,1963. Automatique
1964. auto,1964. Auto
1965. managing,1965. Gestion
1966. databases,1966. Bases de données
1967. mixed,1967. mixte
1968. indicate,1968. Indiquer
1969. fear,1969. Peur
1970. presence,1970. Présence
1971. positive,1971. positif
1972. Peter,1972. Peter
1973. spring,1973. printemps
1974. ruled,1974. gouverné
1975. changing,1975. changeant
1976. blood,1976. sang
1977. violence,1977. Violence
1978. certainly,1978. certainement
1979. becomes,1979. devient
1980. substantial,1980.
1981. fired,1981. tiré
1982. authority,1982. Autorité
1983. bytes,1983. octets
1984. improvement,1984. Amélioration
1985. twice,1985. deux fois
1986. entered,1986. Entré
1987. People,1987. People
1988. manual,1988. Manuel
1989. hot,1989. chaud
1990. launch,1990. Lancement
1991. north,1991. Nord
1992. congressional,1992. Congrès
1993. sides,1993.
1994. Ohio,1994. Ohio
1995. vendor,1995. Vendeur
1996. movie,1996. film
1997. agents,1997. Agents
1998. elected,1998. Élu
1999. forward,1999.
2000. becoming,2000. devenir